[{"created":"20200518090028282","text":"{\n    \"tiddlers\": {\n        \"$:/ak/drift/macros/cross-list-links-draggable\": {\n            \"text\": \"\\\\define cross-list-links-draggable-drop-actions()\\n<$vars sourceTiddler={{{ [<actionTiddler>listed[]] +[limit[1]]}}}>\\n    <$list filter=\\\"[<sourceTiddler>] -[<targetTiddler>]\\\">\\n        <$action-listops $tiddler=<<sourceTiddler>> $field=<<targetField>> $subfilter=\\\"-[<actionTiddler>]\\\"        />\\n    </$list>\\n    <$action-listops $tiddler=<<targetTiddler>> $field=<<targetField>> $subfilter=\\\"+[insertbefore:currentTiddler<actionTiddler>]\\\"/>\\n</$vars>\\n\\\\end\\n\\n\\\\define drop-actions()\\n<$vars oldFolder={{{ [<actionTiddler>listed[]] +[subfilter<folders>] +[limit[1]]}}}>\\n<$action-listops $tiddler=<<oldFolder>>       $field=\\\"list\\\" $subfilter=\\\"-[<actionTiddler>]\\\"        />\\n<$action-listops $tiddler=<<__folder__>> $subfilter='+[insertbefore:currentTiddler<actionTiddler>]'/>\\n</$vars>\\n\\\\end\\n\\n\\\\define cross-list-links-draggable(tiddler,field:\\\"list\\\",type:\\\"ul\\\",subtype:\\\"li\\\",class:\\\"\\\",itemTemplate)\\n\\\\whitespace trim\\n<span class=\\\"tc-links-draggable-list\\\">\\n<$vars targetTiddler=\\\"\\\"\\\"$tiddler$\\\"\\\"\\\" targetField=\\\"\\\"\\\"$field$\\\"\\\"\\\">\\n<$type$ class=\\\"$class$\\\">\\n<$list filter=\\\"[list[$tiddler$!!$field$]]\\\">\\n<$droppable actions=<<cross-list-links-draggable-drop-actions>> tag=\\\"\\\"\\\"$subtype$\\\"\\\"\\\" enable=<<tv-enable-drag-and-drop>>>\\n<div class=\\\"tc-droppable-placeholder\\\"/>\\n<div>\\n<$transclude tiddler=\\\"\\\"\\\"$itemTemplate$\\\"\\\"\\\">\\n<$link to={{!!title}}>\\n<$transclude field=\\\"caption\\\">\\n<$view field=\\\"title\\\"/>\\n</$transclude>\\n</$link>\\n</$transclude>\\n</div>\\n</$droppable>\\n</$list>\\n</$type$>\\n<$tiddler tiddler=\\\"\\\">\\n<$droppable actions=<<cross-list-links-draggable-drop-actions>> tag=\\\"div\\\" enable=<<tv-enable-drag-and-drop>>>\\n<div class=\\\"tc-droppable-placeholder\\\">\\n&nbsp;\\n</div>\\n<div style=\\\"height:0.5em;\\\"/>\\n</$droppable>\\n</$tiddler>\\n</$vars>\\n</span>\\n\\\\end\\n\",\n            \"bag\": \"default\",\n            \"revision\": \"0\",\n            \"type\": \"text/vnd.tiddlywiki\",\n            \"title\": \"$:/ak/drift/macros/cross-list-links-draggable\",\n            \"tags\": \"$:/tags/Macro\",\n            \"modified\": \"20200514092718704\",\n            \"keywords\": \"Week\",\n            \"created\": \"20200514050011521\"\n        },\n        \"$:/ak/drift/macros/spoiler\": {\n            \"text\": \"\\\\define spoiler(text)\\n<$reveal type=\\\"nomatch\\\" stateTitle=\\\"$:/temp/TWSpoilerState\\\" stateIndex=<<currentTiddler>> text=\\\"show\\\" default=\\\"hide\\\">\\n   <$button class=<<tv-config-toolbar-class>> setTitle=\\\"$:/temp/TWSpoilerState\\\" setIndex=<<currentTiddler>> setTo=\\\"show\\\">[...]</$button> \\n</$reveal>\\n<$reveal type=\\\"match\\\" stateTitle=\\\"$:/temp/TWSpoilerState\\\" stateIndex=<<currentTiddler>> text=\\\"show\\\" default=\\\"hide\\\" >\\n   <$button class=<<tv-config-toolbar-class>> setTitle=\\\"$:/temp/TWSpoilerState\\\" setIndex=<<currentTiddler>> setTo=\\\"hide\\\"> [$text$]\\n</$button> \\n</$reveal>\\n\\\\end\",\n            \"bag\": \"default\",\n            \"revision\": \"0\",\n            \"type\": \"text/vnd.tiddlywiki\",\n            \"title\": \"$:/ak/drift/macros/spoiler\",\n            \"tags\": \"$:/tags/Macro\",\n            \"modified\": \"20200514053357027\",\n            \"keywords\": \"[[Example: Spoiler]]\",\n            \"created\": \"20200514051115471\"\n        },\n        \"$:/ak/drift/stylesheet\": {\n            \"text\": \"<$list filter=\\\"[[$:/ak/drift/TweaksDB]getindex[showulil]] -[[false]]\\\" variable=showulil>\\nul, li {\\n    list-style-position: inside;\\n}\\n</$list>\\n\\n<$list filter=\\\"[[$:/ak/drift/TweaksDB]getindex[wrapulil]] -[[false]]\\\" variable=wrapulil>\\nul, li {\\n   white-space: normal !important;\\n   text-align: justify;\\n}\\n</$list>\\n\\nmark.blue { background-color: #15f4ee; } \\nmark.green { background-color: #39ff14; }\\nmark.yellow { background-color: #ccff00; }\\nmark.orange { background-color: #FF9933; }\\nmark.pink { background-color: #ff69b4; }\\n\",\n            \"bag\": \"default\",\n            \"revision\": \"7\",\n            \"type\": \"text/vnd.tiddlywiki\",\n            \"title\": \"$:/ak/drift/stylesheet\",\n            \"tags\": \"$:/tags/Stylesheet\",\n            \"modified\": \"20200518124020690\",\n            \"created\": \"20200504140221596\"\n        },\n        \"$:/ak/drift/TweaksDB\": {\n            \"text\": \"{\\n    \\\"showulil\\\": \\\"false\\\",\\n    \\\"wrapulil\\\": \\\"true\\\"\\n}\",\n            \"bag\": \"default\",\n            \"revision\": \"21\",\n            \"type\": \"application/json\",\n            \"title\": \"$:/ak/drift/TweaksDB\",\n            \"modified\": \"20200518123826581\",\n            \"created\": \"20200504142801555\"\n        },\n        \"$:/ak/drift/TweaksPanel\": {\n            \"created\": \"20200504132533468\",\n            \"text\": \"<$checkbox tiddler=\\\"$:/ak/drift/TweaksDB\\\" index=\\\"showulil\\\" checked=\\\"true\\\" unchecked=\\\"false\\\" default=\\\"false\\\"> Show Bullets & Numbers</$checkbox>\\n\\n<$checkbox tiddler=\\\"$:/ak/drift/TweaksDB\\\" index=\\\"wrapulil\\\" checked=\\\"true\\\" unchecked=\\\"false\\\" default=\\\"false\\\"> Check this box if you use long bullet or numbered lists </$checkbox>\\n\\n,,<div style=\\\"float:right\\\">Drift vesion: {{$:/ak/drift!!version}}</div>,,\",\n            \"bag\": \"default\",\n            \"revision\": \"0\",\n            \"type\": \"text/vnd.tiddlywiki\",\n            \"title\": \"$:/ak/drift/TweaksPanel\",\n            \"tags\": \"$:/tags/ControlPanel/Appearance\",\n            \"modified\": \"20200518092431074\",\n            \"caption\": \"Drift Tweaks\"\n        },\n        \"$:/ak/drift/ui/transclude.css\": {\n            \"text\": \".tc-sidebar-lists button.tc-btn-mini { \\n   color: rgb(179,179,179);\\n}\\n.tooltip {\\n  position: relative;\\n  display: inline-block;\\n}\\n\\n.tooltip .tooltiptext {\\n  visibility: hidden;\\n  overflow: hidden;\\n  margin-top: -2em;\\n  padding: 5px;\\n  display: block;\\n  \\n  /* Position the tooltip */\\n  position: absolute;\\n  z-index: 80;\\n  \\n  /*  \\n  top: 20px;\\n  left: 20px;  */\\n\\n  float: right;  \\n  opacity: 0;\\n  \\n   /* transition: opacity 0.3s; */\\n}\\n\\n.tooltip .tooltiptext::after {\\n  position: relative;\\n  overflow: hidden;\\n  margin: 0;\\n  padding: 0;\\n  border: 1px;\\n}\\n\\n.tooltip:hover > .tooltiptext {\\n   margin-top:-5px;\\n  visibility: visible;\\n  opacity: 1;\\n  width: 100vw;\\n  max-width: 32em;\\n  height: 100vw;\\n  max-height: 32em;\\n}\\n\\n.resp-iframe {\\n    position: rel;\\n    top: 0;\\n    left: 0;\\n    width: 100%;\\n    height: 100%;\\n    border: 1px;\\n}\\n\",\n            \"bag\": \"default\",\n            \"revision\": \"0\",\n            \"type\": \"text/css\",\n            \"title\": \"$:/ak/drift/ui/transclude.css\",\n            \"tags\": \"$:/tags/Stylesheet\",\n            \"modified\": \"20200505112301926\",\n            \"created\": \"20200427215400270\"\n        },\n        \"$:/ak/drift/changelog\": {\n            \"created\": \"20200518090927118\",\n            \"modified\": \"20200518091434873\",\n            \"title\": \"$:/ak/drift/changelog\",\n            \"text\": \"''v0.1.0'' - 2020-05-16\\n\\n* Drift is now a plugin for ease of updates\\n\\n''v0.0.30'' - 2020-05-14\\n\\n* Added [[$:/ak/drift/macros/cross-list-links-draggable]] macro\\n* Added [[$:/ak/drift/macros/spoiler]] macro\\n\\n''v0.0.21'' - 2020-05-13\\n\\n* Enabling Daily Notes button in the top toolbar \\n\\n''v0.0.15'' - 2020-05-08\\n\\n* Highlighted text \\n* Bug fix\\n\\n''v0.0.10'' - 2020-05-05\\n\\n* Bug fix\\n\\n''v0.0.9'' - 2020-05-05\\n\\n* Added a fix for long Bullet and list items under \\\"Control Panel\\\" -> \\\"Appearance\\\"  -> \\\"Drift Tweaks\\\"\\n\\n\\n''v0.0.8'' - 2020-05-04\\n\\n* Fixed pop-up transclude bug\\n\\n''v0.0.6'' - 2020-05-04\\n\\n* Added \\\"Drift Tweaks\\\" under \\\"Control Panel\\\" -> \\\"Appearance\\\" \\n* Added option to show the Bullet Points and Numbers can be found under  \\\"Control Panel\\\" -> \\\"Appearance\\\"  -> \\\"Drift Tweaks\\\"\\n\\n''v0.0.4'' - 2020-05-04\\n\\n* Enabled a \\\"Light Palette\\\" and the toggle switch {{$:/themes/jd/Mono/Buttons/switch-palette}} is now in the top bar, give it a try\\n\\n''v0.0.2'' - 2020-05-02\\n\\n* Fixing view on mobile when \\\"Zoomin\\\" Story view is selected\\n\\n''v0.0.1'' - 2020-05-02\\n\\n*Initial release\"\n        }\n    }\n}","bag":"default","revision":"0","version":"0.1.0","type":"application/json","title":"$:/ak/drift","tags":"","plugin-type":"plugin","plugin-priority":"1","name":"Drift","modified":"20200518124527040","list":"changelog","description":"Collect. Organize. Grow. your ideas"}]