[{"created":"20200504140221596","text":"<$list filter=\"[[$:/ak/drift/TweaksDB]getindex[showulil]] -[[false]]\" variable=showulil>\nul, li {\n    list-style-position: inside;\n}\n</$list>\n<$list filter=\"[[$:/ak/drift/TweaksDB]getindex[wrapulil]] -[[false]]\" variable=wrapulil>\nul, li {\n   white-space: normal;\n}\n</$list>\nmark.blue { background-color: #15f4ee; } \nmark.green { background-color: #39ff14; }\nmark.yellow { background-color: #ccff00; }\nmark.orange { background-color: #FF9933; }\nmark.pink { background-color: #ff69b4; }\n","bag":"default","revision":"0","type":"text/vnd.tiddlywiki","title":"$:/ak/drift/stylesheet","tags":"$:/tags/Stylesheet","modified":"20200508050031759"}]